Product_1,Product_2,product_3,Product_4,Product_5,Product_6,Product_7,Product_8
0.0,0.0,0.0,0.0,0.0,0.0,0.0,0.0
0.5178571428571429,0.0,0.0,1.0714285714285714,0.5416666666666666,0.0,0.5595238095238095,1.0654761904761905
1.0357142857142858,0.0,0.0,2.142857142857143,1.0833333333333333,0.0,1.119047619047619,2.130952380952381
1.5535714285714288,0.0,0.0,3.2142857142857144,1.625,0.0,1.6785714285714286,3.196428571428571
2.0714285714285716,0.0,0.0,4.285714285714286,2.1666666666666665,0.0,2.238095238095238,4.261904761904762
2.5892857142857144,0.0,0.0,5.357142857142857,2.708333333333333,0.0,2.7976190476190474,5.3273809523809526
3.1071428571428577,0.0,0.0,6.428571428571429,3.25,0.0,3.357142857142857,6.392857142857142
3.6250000000000004,0.0,0.0,7.5,3.7916666666666665,0.0,3.916666666666667,7.458333333333333
4.142857142857143,0.0,0.0,8.571428571428571,4.333333333333333,0.0,4.476190476190476,8.523809523809524
4.6607142857142865,0.0,0.0,9.642857142857142,4.875,0.0,5.035714285714286,9.589285714285714
5.178571428571429,0.0,0.0,10.714285714285714,5.416666666666666,0.0,5.595238095238095,10.654761904761905
5.696428571428572,0.0,0.0,11.785714285714285,5.958333333333333,0.0,6.154761904761905,11.720238095238095
6.214285714285715,0.0,0.0,12.857142857142858,6.5,0.0,6.714285714285714,12.785714285714285
6.732142857142858,0.0,0.0,13.928571428571429,7.041666666666666,0.0,7.273809523809524,13.851190476190476
7.250000000000001,0.0,0.0,15.0,7.583333333333333,0.0,7.833333333333334,14.916666666666666
7.767857142857143,0.0,0.0,16.07142857142857,8.125,0.0,8.392857142857142,15.982142857142858
8.285714285714286,0.0,0.0,17.142857142857142,8.666666666666666,0.0,8.952380952380953,17.047619047619047
8.803571428571429,0.0,0.0,18.214285714285715,9.208333333333332,0.0,9.511904761904763,18.113095238095237
9.321428571428573,0.0,0.0,19.285714285714285,9.75,0.0,10.071428571428571,19.178571428571427
9.839285714285715,0.0,0.0,20.357142857142858,10.291666666666666,0.0,10.630952380952381,20.24404761904762
10.357142857142858,0.0,0.0,21.428571428571427,10.833333333333332,0.0,11.19047619047619,21.30952380952381
10.875000000000002,0.0,0.0,22.5,11.375,0.0,11.75,22.375
11.392857142857144,0.0,0.0,23.57142857142857,11.916666666666666,0.0,12.30952380952381,23.44047619047619
11.910714285714286,0.0,0.0,24.642857142857142,12.458333333333332,0.0,12.869047619047619,24.50595238095238
12.42857142857143,0.0,0.0,25.714285714285715,13.0,0.0,13.428571428571429,25.57142857142857
12.946428571428573,0.0,0.0,26.785714285714285,13.541666666666666,0.0,13.988095238095239,26.636904761904763
13.464285714285715,0.0,0.0,27.857142857142858,14.083333333333332,0.0,14.547619047619047,27.702380952380953
13.982142857142858,0.0,0.0,28.928571428571427,14.624999999999998,0.0,15.107142857142858,28.767857142857142
14.500000000000002,0.0,0.0,30.0,15.166666666666666,0.0,15.666666666666668,29.833333333333332
15.017857142857144,0.0,0.0,31.07142857142857,15.708333333333332,0.0,16.226190476190478,30.898809523809522
15.535714285714286,0.0,0.0,32.14285714285714,16.25,0.0,16.785714285714285,31.964285714285715
16.05357142857143,0.0,0.0,33.214285714285715,16.791666666666664,0.0,17.345238095238095,33.029761904761905
16.571428571428573,0.0,0.0,34.285714285714285,17.333333333333332,0.0,17.904761904761905,34.095238095238095
17.089285714285715,0.0,0.0,35.357142857142854,17.875,0.0,18.464285714285715,35.160714285714285
17.607142857142858,0.0,0.0,36.42857142857143,18.416666666666664,0.0,19.023809523809526,36.226190476190474
18.125,0.0,0.0,37.5,18.958333333333332,0.0,19.583333333333332,37.291666666666664
18.642857142857146,0.0,0.0,38.57142857142857,19.5,0.0,20.142857142857142,38.357142857142854
19.16071428571429,0.0,0.0,39.64285714285714,20.041666666666664,0.0,20.702380952380953,39.422619047619044
19.67857142857143,0.0,0.0,40.714285714285715,20.583333333333332,0.0,21.261904761904763,40.48809523809524
20.196428571428573,0.0,0.0,41.785714285714285,21.125,0.0,21.821428571428573,41.55357142857143
20.714285714285715,0.0,0.0,42.857142857142854,21.666666666666664,0.0,22.38095238095238,42.61904761904762
21.232142857142858,0.0,0.0,43.92857142857143,22.208333333333332,0.0,22.94047619047619,43.68452380952381
21.750000000000004,0.0,0.0,45.0,22.75,0.0,23.5,44.75
22.267857142857146,0.0,0.0,46.07142857142857,23.291666666666664,0.0,24.05952380952381,45.81547619047619
22.78571428571429,0.0,0.0,47.14285714285714,23.833333333333332,0.0,24.61904761904762,46.88095238095238
23.30357142857143,0.0,0.0,48.214285714285715,24.375,0.0,25.17857142857143,47.94642857142857
23.821428571428573,0.0,0.0,49.285714285714285,24.916666666666664,0.0,25.738095238095237,49.01190476190476
24.339285714285715,0.0,0.0,50.357142857142854,25.458333333333332,0.0,26.297619047619047,50.07738095238095
24.85714285714286,0.0,0.0,51.42857142857143,26.0,0.0,26.857142857142858,51.14285714285714
25.375000000000004,0.0,0.0,52.5,26.541666666666664,0.0,27.416666666666668,52.208333333333336
25.892857142857146,0.0,0.0,53.57142857142857,27.083333333333332,0.0,27.976190476190478,53.273809523809526
26.41071428571429,0.0,0.0,54.64285714285714,27.624999999999996,0.0,28.535714285714285,54.339285714285715
26.92857142857143,0.0,0.0,55.714285714285715,28.166666666666664,0.0,29.095238095238095,55.404761904761905
27.446428571428573,0.0,0.0,56.785714285714285,28.708333333333332,0.0,29.654761904761905,56.470238095238095
27.964285714285715,0.0,0.0,57.857142857142854,29.249999999999996,0.0,30.214285714285715,57.535714285714285
28.48214285714286,0.0,0.0,58.92857142857142,29.791666666666664,0.0,30.773809523809526,58.601190476190474
29.000000000000004,0.0,0.0,60.0,30.333333333333332,0.0,31.333333333333336,59.666666666666664
29.517857142857146,0.0,0.0,61.07142857142857,30.874999999999996,0.0,31.892857142857142,60.732142857142854
30.03571428571429,0.0,0.0,62.14285714285714,31.416666666666664,0.0,32.452380952380956,61.797619047619044
30.55357142857143,0.0,0.0,63.214285714285715,31.958333333333332,0.0,33.01190476190476,62.86309523809524
31.071428571428573,0.0,0.0,64.28571428571428,32.5,0.0,33.57142857142857,63.92857142857143
31.58928571428572,0.0,0.0,65.35714285714286,33.041666666666664,0.0,34.13095238095238,64.99404761904762
32.10714285714286,0.0,0.0,66.42857142857143,33.58333333333333,0.0,34.69047619047619,66.05952380952381
32.625,0.0,0.0,67.5,34.125,0.0,35.25,67.125
33.142857142857146,0.0,0.0,68.57142857142857,34.666666666666664,0.0,35.80952380952381,68.19047619047619
33.66071428571429,0.0,0.0,69.64285714285714,35.20833333333333,0.0,36.36904761904762,69.25595238095238
34.17857142857143,0.0,0.0,70.71428571428571,35.75,0.0,36.92857142857143,70.32142857142857
34.69642857142858,0.0,0.0,71.78571428571428,36.291666666666664,0.0,37.48809523809524,71.38690476190476
35.214285714285715,0.0,0.0,72.85714285714286,36.83333333333333,0.0,38.04761904761905,72.45238095238095
35.73214285714286,0.0,0.0,73.92857142857143,37.375,0.0,38.60714285714286,73.51785714285714
36.25,0.0,0.0,75.0,37.916666666666664,0.0,39.166666666666664,74.58333333333333
36.767857142857146,0.0,0.0,76.07142857142857,38.45833333333333,0.0,39.726190476190474,75.64880952380952
37.28571428571429,0.0,0.0,77.14285714285714,39.0,0.0,40.285714285714285,76.71428571428571
37.80357142857143,0.0,0.0,78.21428571428571,39.541666666666664,0.0,40.845238095238095,77.7797619047619
38.32142857142858,0.0,0.0,79.28571428571428,40.08333333333333,0.0,41.404761904761905,78.84523809523809
38.839285714285715,0.0,0.0,80.35714285714286,40.625,0.0,41.964285714285715,79.91071428571429
39.35714285714286,0.0,0.0,81.42857142857143,41.166666666666664,0.0,42.523809523809526,80.97619047619048
39.87500000000001,0.0,0.0,82.5,41.70833333333333,0.0,43.083333333333336,82.04166666666667
40.392857142857146,0.0,0.0,83.57142857142857,42.25,0.0,43.642857142857146,83.10714285714286
40.91071428571429,0.0,0.0,84.64285714285714,42.791666666666664,0.0,44.202380952380956,84.17261904761905
41.42857142857143,0.0,0.0,85.71428571428571,43.33333333333333,0.0,44.76190476190476,85.23809523809524
41.94642857142858,0.0,0.0,86.78571428571428,43.875,0.0,45.32142857142857,86.30357142857143
42.464285714285715,0.0,0.0,87.85714285714286,44.416666666666664,0.0,45.88095238095238,87.36904761904762
42.98214285714286,0.0,0.0,88.92857142857143,44.95833333333333,0.0,46.44047619047619,88.43452380952381
43.50000000000001,0.0,0.0,90.0,45.5,0.0,47.0,89.5
44.017857142857146,0.0,0.0,91.07142857142857,46.041666666666664,0.0,47.55952380952381,90.56547619047619
44.53571428571429,0.0,0.0,92.14285714285714,46.58333333333333,0.0,48.11904761904762,91.63095238095238
45.05357142857143,0.0,0.0,93.21428571428571,47.125,0.0,48.67857142857143,92.69642857142857
45.57142857142858,0.0,0.0,94.28571428571428,47.666666666666664,0.0,49.23809523809524,93.76190476190476
46.089285714285715,0.0,0.0,95.35714285714286,48.20833333333333,0.0,49.79761904761905,94.82738095238095
46.60714285714286,0.0,0.0,96.42857142857143,48.75,0.0,50.35714285714286,95.89285714285714
47.12500000000001,0.0,0.0,97.5,49.291666666666664,0.0,50.916666666666664,96.95833333333333
47.642857142857146,0.0,0.0,98.57142857142857,49.83333333333333,0.0,51.476190476190474,98.02380952380952
48.16071428571429,0.0,0.0,99.64285714285714,50.375,0.0,52.035714285714285,99.08928571428571
48.67857142857143,0.0,0.0,100.71428571428571,50.916666666666664,0.0,52.595238095238095,100.1547619047619
49.19642857142858,0.0,0.0,101.78571428571428,51.45833333333333,0.0,53.154761904761905,101.22023809523809
49.71428571428572,0.0,0.0,102.85714285714286,52.0,0.0,53.714285714285715,102.28571428571428
50.23214285714286,0.0,0.0,103.92857142857143,52.541666666666664,0.0,54.273809523809526,103.35119047619048
50.75000000000001,0.0,0.0,105.0,53.08333333333333,0.0,54.833333333333336,104.41666666666667
51.267857142857146,0.0,0.0,106.07142857142857,53.62499999999999,0.0,55.392857142857146,105.48214285714286
51.78571428571429,0.0,0.0,107.14285714285714,54.166666666666664,0.0,55.952380952380956,106.54761904761905
52.30357142857143,0.0,0.0,108.21428571428571,54.70833333333333,0.0,56.511904761904766,107.61309523809524
52.82142857142858,0.0,0.0,109.28571428571428,55.24999999999999,0.0,57.07142857142857,108.67857142857143
53.33928571428572,0.0,0.0,110.35714285714285,55.791666666666664,0.0,57.63095238095238,109.74404761904762
53.85714285714286,0.0,0.0,111.42857142857143,56.33333333333333,0.0,58.19047619047619,110.80952380952381
54.37500000000001,0.0,0.0,112.5,56.87499999999999,0.0,58.75,111.875
54.892857142857146,0.0,0.0,113.57142857142857,57.416666666666664,0.0,59.30952380952381,112.94047619047619
55.41071428571429,0.0,0.0,114.64285714285714,57.95833333333333,0.0,59.86904761904762,114.00595238095238
55.92857142857143,0.0,0.0,115.71428571428571,58.49999999999999,0.0,60.42857142857143,115.07142857142857
56.44642857142858,0.0,0.0,116.78571428571428,59.041666666666664,0.0,60.98809523809524,116.13690476190476
56.96428571428572,0.0,0.0,117.85714285714285,59.58333333333333,0.0,61.54761904761905,117.20238095238095
57.48214285714286,0.0,0.0,118.92857142857143,60.12499999999999,0.0,62.10714285714286,118.26785714285714
58.00000000000001,0.0,0.0,120.0,60.666666666666664,0.0,62.66666666666667,119.33333333333333
58.517857142857146,0.0,0.0,121.07142857142857,61.20833333333333,0.0,63.226190476190474,120.39880952380952
59.03571428571429,0.0,0.0,122.14285714285714,61.74999999999999,0.0,63.785714285714285,121.46428571428571
59.55357142857143,0.0,0.0,123.21428571428571,62.291666666666664,0.0,64.3452380952381,122.5297619047619
60.07142857142858,0.0,0.0,124.28571428571428,62.83333333333333,0.0,64.90476190476191,123.59523809523809
60.58928571428572,0.0,0.0,125.35714285714285,63.37499999999999,0.0,65.46428571428572,124.66071428571428
61.10714285714286,0.0,0.0,126.42857142857143,63.916666666666664,0.0,66.02380952380952,125.72619047619048
61.62500000000001,0.0,0.0,127.5,64.45833333333333,0.0,66.58333333333333,126.79166666666667
62.142857142857146,0.0,0.0,128.57142857142856,65.0,0.0,67.14285714285714,127.85714285714286
62.66071428571429,0.0,0.0,129.64285714285714,65.54166666666666,0.0,67.70238095238095,128.92261904761904
63.17857142857144,0.0,0.0,130.71428571428572,66.08333333333333,0.0,68.26190476190476,129.98809523809524
63.69642857142858,0.0,0.0,131.78571428571428,66.625,0.0,68.82142857142857,131.05357142857142
64.21428571428572,0.0,0.0,132.85714285714286,67.16666666666666,0.0,69.38095238095238,132.11904761904762
64.73214285714286,0.0,0.0,133.92857142857142,67.70833333333333,0.0,69.94047619047619,133.1845238095238
65.25,0.0,0.0,135.0,68.25,0.0,70.5,134.25
65.76785714285715,0.0,0.0,136.07142857142856,68.79166666666666,0.0,71.05952380952381,135.31547619047618
66.28571428571429,0.0,0.0,137.14285714285714,69.33333333333333,0.0,71.61904761904762,136.38095238095238
66.80357142857143,0.0,0.0,138.21428571428572,69.875,0.0,72.17857142857143,137.44642857142858
67.32142857142858,0.0,0.0,139.28571428571428,70.41666666666666,0.0,72.73809523809524,138.51190476190476
67.83928571428572,0.0,0.0,140.35714285714286,70.95833333333333,0.0,73.29761904761905,139.57738095238096
68.35714285714286,0.0,0.0,141.42857142857142,71.5,0.0,73.85714285714286,140.64285714285714
68.875,0.0,0.0,142.5,72.04166666666666,0.0,74.41666666666667,141.70833333333334
69.39285714285715,0.0,0.0,143.57142857142856,72.58333333333333,0.0,74.97619047619048,142.77380952380952
69.91071428571429,0.0,0.0,144.64285714285714,73.125,0.0,75.53571428571429,143.83928571428572
70.42857142857143,0.0,0.0,145.71428571428572,73.66666666666666,0.0,76.0952380952381,144.9047619047619
70.94642857142858,0.0,0.0,146.78571428571428,74.20833333333333,0.0,76.65476190476191,145.9702380952381
71.46428571428572,0.0,0.0,147.85714285714286,74.75,0.0,77.21428571428572,147.03571428571428
71.98214285714286,0.0,0.0,148.92857142857142,75.29166666666666,0.0,77.77380952380952,148.10119047619048
72.5,0.0,0.0,150.0,75.83333333333333,0.0,78.33333333333333,149.16666666666666
73.01785714285715,0.0,0.0,151.07142857142856,76.375,0.0,78.89285714285714,150.23214285714286
73.53571428571429,0.0,0.0,152.14285714285714,76.91666666666666,0.0,79.45238095238095,151.29761904761904
74.05357142857143,0.0,0.0,153.21428571428572,77.45833333333333,0.0,80.01190476190476,152.36309523809524
74.57142857142858,0.0,0.0,154.28571428571428,78.0,0.0,80.57142857142857,153.42857142857142
75.08928571428572,0.0,0.0,155.35714285714286,78.54166666666666,0.0,81.13095238095238,154.49404761904762
75.60714285714286,0.0,0.0,156.42857142857142,79.08333333333333,0.0,81.69047619047619,155.5595238095238
76.125,0.0,0.0,157.5,79.625,0.0,82.25,156.625
76.64285714285715,0.0,0.0,158.57142857142856,80.16666666666666,0.0,82.80952380952381,157.69047619047618
77.16071428571429,0.0,0.0,159.64285714285714,80.70833333333333,0.0,83.36904761904762,158.75595238095238
77.67857142857143,0.0,0.0,160.71428571428572,81.25,0.0,83.92857142857143,159.82142857142858
78.19642857142858,0.0,0.0,161.78571428571428,81.79166666666666,0.0,84.48809523809524,160.88690476190476
78.71428571428572,0.0,0.0,162.85714285714286,82.33333333333333,0.0,85.04761904761905,161.95238095238096
79.23214285714286,0.0,0.0,163.92857142857142,82.875,0.0,85.60714285714286,163.01785714285714
79.75000000000001,0.0,0.0,165.0,83.41666666666666,0.0,86.16666666666667,164.08333333333334
80.26785714285715,0.0,0.0,166.07142857142856,83.95833333333333,0.0,86.72619047619048,165.14880952380952
80.78571428571429,0.0,0.0,167.14285714285714,84.5,0.0,87.28571428571429,166.21428571428572
81.30357142857143,0.0,0.0,168.21428571428572,85.04166666666666,0.0,87.8452380952381,167.2797619047619
81.82142857142858,0.0,0.0,169.28571428571428,85.58333333333333,0.0,88.40476190476191,168.3452380952381
82.33928571428572,0.0,0.0,170.35714285714286,86.125,0.0,88.96428571428572,169.41071428571428
82.85714285714286,0.0,0.0,171.42857142857142,86.66666666666666,0.0,89.52380952380952,170.47619047619048
83.37500000000001,0.0,0.0,172.5,87.20833333333333,0.0,90.08333333333333,171.54166666666666
83.89285714285715,0.0,0.0,173.57142857142856,87.75,0.0,90.64285714285714,172.60714285714286
84.41071428571429,0.0,0.0,174.64285714285714,88.29166666666666,0.0,91.20238095238095,173.67261904761904
84.92857142857143,0.0,0.0,175.71428571428572,88.83333333333333,0.0,91.76190476190476,174.73809523809524
85.44642857142858,0.0,0.0,176.78571428571428,89.375,0.0,92.32142857142857,175.80357142857142
85.96428571428572,0.0,0.0,177.85714285714286,89.91666666666666,0.0,92.88095238095238,176.86904761904762
86.48214285714286,0.0,0.0,178.92857142857142,90.45833333333333,0.0,93.44047619047619,177.9345238095238
87.0,0.0,0.0,180.0,91.0,0.0,94.0,179.0
87.0,0.0,0.0,180.89880952380952,91.0,0.5714285714285714,95.04166666666667,179.0
87.0,0.0,0.0,181.79761904761904,91.0,1.1428571428571428,96.08333333333333,179.0
87.0,0.0,0.0,182.69642857142858,91.0,1.7142857142857142,97.125,179.0
87.0,0.0,0.0,183.5952380952381,91.0,2.2857142857142856,98.16666666666667,179.0
87.0,0.0,0.0,184.49404761904762,91.0,2.8571428571428568,99.20833333333333,179.0
87.0,0.0,0.0,185.39285714285714,91.0,3.4285714285714284,100.25,179.0
87.0,0.0,0.0,186.29166666666666,91.0,4.0,101.29166666666667,179.0
87.0,0.0,0.0,187.1904761904762,91.0,4.571428571428571,102.33333333333333,179.0
87.0,0.0,0.0,188.08928571428572,91.0,5.142857142857142,103.375,179.0
87.0,0.0,0.0,188.98809523809524,91.0,5.7142857142857135,104.41666666666667,179.0
87.0,0.0,0.0,189.88690476190476,91.0,6.285714285714286,105.45833333333333,179.0
87.0,0.0,0.0,190.78571428571428,91.0,6.857142857142857,106.5,179.0
87.0,0.0,0.0,191.6845238095238,91.0,7.428571428571428,107.54166666666667,179.0
87.0,0.0,0.0,192.58333333333334,91.0,8.0,108.58333333333333,179.0
87.0,0.0,0.0,193.48214285714286,91.0,8.571428571428571,109.625,179.0
87.0,0.0,0.0,194.38095238095238,91.0,9.142857142857142,110.66666666666667,179.0
87.0,0.0,0.0,195.2797619047619,91.0,9.714285714285714,111.70833333333334,179.0
87.0,0.0,0.0,196.17857142857144,91.0,10.285714285714285,112.75,179.0
87.0,0.0,0.0,197.07738095238096,91.0,10.857142857142856,113.79166666666667,179.0
87.0,0.0,0.0,197.97619047619048,91.0,11.428571428571427,114.83333333333334,179.0
87.0,0.0,0.0,198.875,91.0,12.0,115.875,179.0
87.0,0.0,0.0,199.77380952380952,91.0,12.571428571428571,116.91666666666667,179.0
87.0,0.0,0.0,200.67261904761904,91.0,13.142857142857142,117.95833333333334,179.0
87.0,0.0,0.0,201.57142857142858,91.0,13.714285714285714,119.0,179.0
87.0,0.0,0.0,202.4702380952381,91.0,14.285714285714285,120.04166666666667,179.0
87.0,0.0,0.0,203.36904761904762,91.0,14.857142857142856,121.08333333333334,179.0
87.0,0.0,0.0,204.26785714285714,91.0,15.428571428571427,122.125,179.0
87.0,0.0,0.0,205.16666666666666,91.0,16.0,123.16666666666667,179.0
87.0,0.0,0.0,206.0654761904762,91.0,16.57142857142857,124.20833333333334,179.0
87.0,0.0,0.0,206.96428571428572,91.0,17.142857142857142,125.25,179.0
87.0,0.0,0.0,207.86309523809524,91.0,17.71428571428571,126.29166666666667,179.0
87.0,0.0,0.0,208.76190476190476,91.0,18.285714285714285,127.33333333333334,179.0
87.0,0.0,0.0,209.66071428571428,91.0,18.857142857142858,128.375,179.0
87.0,0.0,0.0,210.5595238095238,91.0,19.428571428571427,129.41666666666669,179.0
87.0,0.0,0.0,211.45833333333334,91.0,20.0,130.45833333333334,179.0
87.0,0.0,0.0,212.35714285714286,91.0,20.57142857142857,131.5,179.0
87.0,0.0,0.0,213.25595238095238,91.0,21.142857142857142,132.54166666666669,179.0
87.0,0.0,0.0,214.1547619047619,91.0,21.71428571428571,133.58333333333334,179.0
87.0,0.0,0.0,215.05357142857144,91.0,22.285714285714285,134.625,179.0
87.0,0.0,0.0,215.95238095238096,91.0,22.857142857142854,135.66666666666669,179.0
87.0,0.0,0.0,216.85119047619048,91.0,23.428571428571427,136.70833333333334,179.0
87.0,0.0,0.0,217.75,91.0,24.0,137.75,179.0
87.0,0.0,0.0,218.64880952380952,91.0,24.57142857142857,138.79166666666669,179.0
87.0,0.0,0.0,219.54761904761904,91.0,25.142857142857142,139.83333333333334,179.0
87.0,0.0,0.0,220.44642857142856,91.0,25.71428571428571,140.875,179.0
87.0,0.0,0.0,221.3452380952381,91.0,26.285714285714285,141.91666666666669,179.0
87.0,0.0,0.0,222.24404761904762,91.0,26.857142857142854,142.95833333333334,179.0
87.0,0.0,0.0,223.14285714285714,91.0,27.428571428571427,144.0,179.0
87.0,0.0,0.0,224.04166666666669,91.0,28.0,145.04166666666669,179.0
87.0,0.0,0.0,224.9404761904762,91.0,28.57142857142857,146.08333333333334,179.0
87.0,0.0,0.0,225.83928571428572,91.0,29.142857142857142,147.125,179.0
87.0,0.0,0.0,226.73809523809524,91.0,29.71428571428571,148.16666666666669,179.0
87.0,0.0,0.0,227.63690476190476,91.0,30.285714285714285,149.20833333333334,179.0
87.0,0.0,0.0,228.53571428571428,91.0,30.857142857142854,150.25,179.0
87.0,0.0,0.0,229.4345238095238,91.0,31.428571428571427,151.29166666666669,179.0
87.0,0.0,0.0,230.33333333333334,91.0,32.0,152.33333333333334,179.0
87.0,0.0,0.0,231.23214285714286,91.0,32.57142857142857,153.375,179.0
87.0,0.0,0.0,232.13095238095238,91.0,33.14285714285714,154.41666666666669,179.0
87.0,0.0,0.0,233.0297619047619,91.0,33.714285714285715,155.45833333333334,179.0
87.0,0.0,0.0,233.92857142857144,91.0,34.285714285714285,156.5,179.0
87.0,0.0,0.0,234.82738095238096,91.0,34.857142857142854,157.54166666666669,179.0
87.0,0.0,0.0,235.72619047619048,91.0,35.42857142857142,158.58333333333334,179.0
87.0,0.0,0.0,236.625,91.0,36.0,159.625,179.0
87.0,0.0,0.0,237.52380952380952,91.0,36.57142857142857,160.66666666666669,179.0
87.0,0.0,0.0,238.42261904761904,91.0,37.14285714285714,161.70833333333334,179.0
87.0,0.0,0.0,239.32142857142858,91.0,37.714285714285715,162.75,179.0
87.0,0.0,0.0,240.2202380952381,91.0,38.285714285714285,163.79166666666669,179.0
87.0,0.0,0.0,241.11904761904762,91.0,38.857142857142854,164.83333333333334,179.0
87.0,0.0,0.0,242.01785714285714,91.0,39.42857142857142,165.875,179.0
87.0,0.0,0.0,242.91666666666669,91.0,40.0,166.91666666666669,179.0
87.0,0.0,0.0,243.8154761904762,91.0,40.57142857142857,167.95833333333334,179.0
87.0,0.0,0.0,244.71428571428572,91.0,41.14285714285714,169.0,179.0
87.0,0.0,0.0,245.61309523809524,91.0,41.714285714285715,170.04166666666669,179.0
87.0,0.0,0.0,246.51190476190476,91.0,42.285714285714285,171.08333333333334,179.0
87.0,0.0,0.0,247.41071428571428,91.0,42.857142857142854,172.125,179.0
87.0,0.0,0.0,248.3095238095238,91.0,43.42857142857142,173.16666666666669,179.0
87.0,0.0,0.0,249.20833333333331,91.0,44.0,174.20833333333334,179.0
87.0,0.0,0.0,250.10714285714286,91.0,44.57142857142857,175.25,179.0
87.0,0.0,0.0,251.00595238095238,91.0,45.14285714285714,176.29166666666669,179.0
87.0,0.0,0.0,251.90476190476193,91.0,45.71428571428571,177.33333333333334,179.0
87.0,0.0,0.0,252.80357142857144,91.0,46.285714285714285,178.375,179.0
87.0,0.0,0.0,253.70238095238096,91.0,46.857142857142854,179.41666666666669,179.0
87.0,0.0,0.0,254.60119047619048,91.0,47.42857142857142,180.45833333333334,179.0
87.0,0.0,0.0,255.5,91.0,48.0,181.5,179.0
87.0,0.0,0.0,256.3988095238095,91.0,48.57142857142857,182.54166666666669,179.0
87.0,0.0,0.0,257.29761904761904,91.0,49.14285714285714,183.58333333333334,179.0
87.0,0.0,0.0,258.19642857142856,91.0,49.71428571428571,184.625,179.0
87.0,0.0,0.0,259.0952380952381,91.0,50.285714285714285,185.66666666666669,179.0
87.0,0.0,0.0,259.9940476190476,91.0,50.857142857142854,186.70833333333334,179.0
87.0,0.0,0.0,260.8928571428571,91.0,51.42857142857142,187.75,179.0
87.0,0.0,0.0,261.7916666666667,91.0,52.0,188.79166666666669,179.0
87.0,0.0,0.0,262.6904761904762,91.0,52.57142857142857,189.83333333333334,179.0
87.0,0.0,0.0,263.5892857142857,91.0,53.14285714285714,190.875,179.0
87.0,0.0,0.0,264.48809523809524,91.0,53.71428571428571,191.91666666666669,179.0
87.0,0.0,0.0,265.38690476190476,91.0,54.285714285714285,192.95833333333334,179.0
87.0,0.0,0.0,266.2857142857143,91.0,54.857142857142854,194.0,179.0
87.0,0.0,0.0,267.1845238095238,91.0,55.42857142857142,195.04166666666669,179.0
87.0,0.0,0.0,268.08333333333337,91.0,56.0,196.08333333333334,179.0
87.0,0.0,0.0,268.9821428571429,91.0,56.57142857142857,197.125,179.0
87.0,0.0,0.0,269.8809523809524,91.0,57.14285714285714,198.16666666666669,179.0
87.0,0.0,0.0,270.7797619047619,91.0,57.71428571428571,199.20833333333334,179.0
87.0,0.0,0.0,271.67857142857144,91.0,58.285714285714285,200.25,179.0
87.0,0.0,0.0,272.57738095238096,91.0,58.857142857142854,201.29166666666669,179.0
87.0,0.0,0.0,273.4761904761905,91.0,59.42857142857142,202.33333333333334,179.0
87.0,0.0,0.0,274.375,91.0,60.0,203.375,179.0
87.0,0.0,0.0,275.2738095238095,91.0,60.57142857142857,204.41666666666669,179.0
87.0,0.0,0.0,276.17261904761904,91.0,61.14285714285714,205.45833333333334,179.0
87.0,0.0,0.0,277.07142857142856,91.0,61.71428571428571,206.5,179.0
87.0,0.0,0.0,277.9702380952381,91.0,62.285714285714285,207.54166666666669,179.0
87.0,0.0,0.0,278.8690476190476,91.0,62.857142857142854,208.58333333333334,179.0
87.0,0.0,0.0,279.7678571428571,91.0,63.42857142857142,209.625,179.0
87.0,0.0,0.0,280.6666666666667,91.0,64.0,210.66666666666669,179.0
87.0,0.0,0.0,281.5654761904762,91.0,64.57142857142857,211.70833333333334,179.0
87.0,0.0,0.0,282.4642857142857,91.0,65.14285714285714,212.75,179.0
87.0,0.0,0.0,283.36309523809524,91.0,65.71428571428571,213.79166666666669,179.0
87.0,0.0,0.0,284.26190476190476,91.0,66.28571428571428,214.83333333333334,179.0
87.0,0.0,0.0,285.1607142857143,91.0,66.85714285714285,215.875,179.0
87.0,0.0,0.0,286.0595238095238,91.0,67.42857142857143,216.91666666666669,179.0
87.0,0.0,0.0,286.95833333333337,91.0,68.0,217.95833333333334,179.0
87.0,0.0,0.0,287.8571428571429,91.0,68.57142857142857,219.0,179.0
87.0,0.0,0.0,288.7559523809524,91.0,69.14285714285714,220.04166666666669,179.0
87.0,0.0,0.0,289.6547619047619,91.0,69.71428571428571,221.08333333333334,179.0
87.0,0.0,0.0,290.55357142857144,91.0,70.28571428571428,222.125,179.0
87.0,0.0,0.0,291.45238095238096,91.0,70.85714285714285,223.16666666666669,179.0
87.0,0.0,0.0,292.3511904761905,91.0,71.42857142857143,224.20833333333334,179.0
87.0,0.0,0.0,293.25,91.0,72.0,225.25,179.0
87.0,0.0,0.0,294.1488095238095,91.0,72.57142857142857,226.29166666666669,179.0
87.0,0.0,0.0,295.04761904761904,91.0,73.14285714285714,227.33333333333334,179.0
87.0,0.0,0.0,295.94642857142856,91.0,73.71428571428571,228.375,179.0
87.0,0.0,0.0,296.8452380952381,91.0,74.28571428571428,229.41666666666669,179.0
87.0,0.0,0.0,297.7440476190476,91.0,74.85714285714285,230.45833333333334,179.0
87.0,0.0,0.0,298.64285714285717,91.0,75.42857142857143,231.5,179.0
87.0,0.0,0.0,299.5416666666667,91.0,76.0,232.54166666666669,179.0
87.0,0.0,0.0,300.4404761904762,91.0,76.57142857142857,233.58333333333334,179.0
87.0,0.0,0.0,301.3392857142857,91.0,77.14285714285714,234.625,179.0
87.0,0.0,0.0,302.23809523809524,91.0,77.71428571428571,235.66666666666669,179.0
87.0,0.0,0.0,303.13690476190476,91.0,78.28571428571428,236.70833333333334,179.0
87.0,0.0,0.0,304.0357142857143,91.0,78.85714285714285,237.75,179.0
87.0,0.0,0.0,304.9345238095238,91.0,79.42857142857143,238.79166666666669,179.0
87.0,0.0,0.0,305.83333333333337,91.0,80.0,239.83333333333334,179.0
87.0,0.0,0.0,306.7321428571429,91.0,80.57142857142857,240.875,179.0
87.0,0.0,0.0,307.6309523809524,91.0,81.14285714285714,241.91666666666669,179.0
87.0,0.0,0.0,308.5297619047619,91.0,81.71428571428571,242.95833333333334,179.0
87.0,0.0,0.0,309.42857142857144,91.0,82.28571428571428,244.0,179.0
87.0,0.0,0.0,310.32738095238096,91.0,82.85714285714285,245.04166666666669,179.0
87.0,0.0,0.0,311.2261904761905,91.0,83.42857142857143,246.08333333333334,179.0
87.0,0.0,0.0,312.125,91.0,84.0,247.125,179.0
87.0,0.0,0.0,313.0238095238095,91.0,84.57142857142857,248.16666666666669,179.0
87.0,0.0,0.0,313.92261904761904,91.0,85.14285714285714,249.20833333333334,179.0
87.0,0.0,0.0,314.82142857142856,91.0,85.71428571428571,250.25,179.0
87.0,0.0,0.0,315.7202380952381,91.0,86.28571428571428,251.29166666666669,179.0
87.0,0.0,0.0,316.6190476190476,91.0,86.85714285714285,252.33333333333334,179.0
87.0,0.0,0.0,317.5178571428571,91.0,87.42857142857143,253.375,179.0
87.0,0.0,0.0,318.41666666666663,91.0,88.0,254.41666666666669,179.0
87.0,0.0,0.0,319.3154761904762,91.0,88.57142857142857,255.45833333333334,179.0
87.0,0.0,0.0,320.2142857142857,91.0,89.14285714285714,256.5,179.0
87.0,0.0,0.0,321.11309523809524,91.0,89.71428571428571,257.5416666666667,179.0
87.0,0.0,0.0,322.01190476190476,91.0,90.28571428571428,258.58333333333337,179.0
87.0,0.0,0.0,322.9107142857143,91.0,90.85714285714285,259.625,179.0
87.0,0.0,0.0,323.80952380952385,91.0,91.42857142857142,260.6666666666667,179.0
87.0,0.0,0.0,324.70833333333337,91.0,92.0,261.70833333333337,179.0
87.0,0.0,0.0,325.6071428571429,91.0,92.57142857142857,262.75,179.0
87.0,0.0,0.0,326.5059523809524,91.0,93.14285714285714,263.7916666666667,179.0
87.0,0.0,0.0,327.4047619047619,91.0,93.71428571428571,264.83333333333337,179.0
87.0,0.0,0.0,328.30357142857144,91.0,94.28571428571428,265.875,179.0
87.0,0.0,0.0,329.20238095238096,91.0,94.85714285714285,266.9166666666667,179.0
87.0,0.0,0.0,330.1011904761905,91.0,95.42857142857142,267.95833333333337,179.0
87.0,0.0,0.0,331.0,91.0,96.0,269.0,179.0
87.64285714285714,0.0,0.34523809523809523,331.6547619047619,91.0,96.0,269.63690476190476,179.0
88.28571428571429,0.0,0.6904761904761905,332.3095238095238,91.0,96.0,270.2738095238095,179.0
88.92857142857143,0.0,1.0357142857142856,332.9642857142857,91.0,96.0,270.9107142857143,179.0
89.57142857142857,0.0,1.380952380952381,333.6190476190476,91.0,96.0,271.54761904761904,179.0
90.21428571428571,0.0,1.7261904761904763,334.2738095238095,91.0,96.0,272.1845238095238,179.0
90.85714285714286,0.0,2.071428571428571,334.92857142857144,91.0,96.0,272.82142857142856,179.0
91.5,0.0,2.4166666666666665,335.5833333333333,91.0,96.0,273.4583333333333,179.0
92.14285714285714,0.0,2.761904761904762,336.23809523809524,91.0,96.0,274.0952380952381,179.0
92.78571428571429,0.0,3.107142857142857,336.89285714285717,91.0,96.0,274.73214285714283,179.0
93.42857142857143,0.0,3.4523809523809526,337.54761904761904,91.0,96.0,275.3690476190476,179.0
94.07142857142857,0.0,3.7976190476190474,338.20238095238096,91.0,96.0,276.0059523809524,179.0
94.71428571428572,0.0,4.142857142857142,338.85714285714283,91.0,96.0,276.64285714285717,179.0
95.35714285714286,0.0,4.488095238095238,339.51190476190476,91.0,96.0,277.2797619047619,179.0
96.0,0.0,4.833333333333333,340.1666666666667,91.0,96.0,277.9166666666667,179.0
96.64285714285714,0.0,5.178571428571429,340.82142857142856,91.0,96.0,278.55357142857144,179.0
97.28571428571429,0.0,5.523809523809524,341.4761904761905,91.0,96.0,279.1904761904762,179.0
97.92857142857143,0.0,5.869047619047619,342.1309523809524,91.0,96.0,279.82738095238096,179.0
98.57142857142857,0.0,6.214285714285714,342.7857142857143,91.0,96.0,280.4642857142857,179.0
99.21428571428572,0.0,6.559523809523809,343.4404761904762,91.0,96.0,281.1011904761905,179.0
99.85714285714286,0.0,6.904761904761905,344.0952380952381,91.0,96.0,281.73809523809524,179.0
100.5,0.0,7.25,344.75,91.0,96.0,282.375,179.0
101.14285714285714,0.0,7.595238095238095,345.4047619047619,91.0,96.0,283.01190476190476,179.0
101.78571428571429,0.0,7.940476190476191,346.0595238095238,91.0,96.0,283.6488095238095,179.0
102.42857142857143,0.0,8.285714285714285,346.7142857142857,91.0,96.0,284.2857142857143,179.0
103.07142857142857,0.0,8.630952380952381,347.3690476190476,91.0,96.0,284.92261904761904,179.0
103.71428571428572,0.0,8.976190476190476,348.0238095238095,91.0,96.0,285.5595238095238,179.0
104.35714285714286,0.0,9.321428571428571,348.67857142857144,91.0,96.0,286.19642857142856,179.0
105.0,0.0,9.666666666666666,349.3333333333333,91.0,96.0,286.8333333333333,179.0
105.64285714285714,0.0,10.011904761904761,349.98809523809524,91.0,96.0,287.4702380952381,179.0
106.28571428571429,0.0,10.357142857142858,350.64285714285717,91.0,96.0,288.10714285714283,179.0
106.92857142857143,0.0,10.702380952380953,351.29761904761904,91.0,96.0,288.7440476190476,179.0
107.57142857142857,0.0,11.047619047619047,351.95238095238096,91.0,96.0,289.3809523809524,179.0
108.21428571428572,0.0,11.392857142857142,352.60714285714283,91.0,96.0,290.01785714285717,179.0
108.85714285714286,0.0,11.738095238095237,353.26190476190476,91.0,96.0,290.6547619047619,179.0
109.5,0.0,12.083333333333334,353.9166666666667,91.0,96.0,291.2916666666667,179.0
110.14285714285714,0.0,12.428571428571429,354.57142857142856,91.0,96.0,291.92857142857144,179.0
110.78571428571429,0.0,12.773809523809524,355.2261904761905,91.0,96.0,292.5654761904762,179.0
111.42857142857143,0.0,13.119047619047619,355.8809523809524,91.0,96.0,293.20238095238096,179.0
112.07142857142857,0.0,13.464285714285714,356.5357142857143,91.0,96.0,293.8392857142857,179.0
112.71428571428572,0.0,13.80952380952381,357.1904761904762,91.0,96.0,294.4761904761905,179.0
113.35714285714286,0.0,14.154761904761905,357.8452380952381,91.0,96.0,295.11309523809524,179.0
114.0,0.0,14.5,358.5,91.0,96.0,295.75,179.0
114.64285714285714,0.0,14.845238095238095,359.1547619047619,91.0,96.0,296.38690476190476,179.0
115.28571428571429,0.0,15.19047619047619,359.8095238095238,91.0,96.0,297.0238095238095,179.0
115.92857142857143,0.0,15.535714285714285,360.4642857142857,91.0,96.0,297.6607142857143,179.0
116.57142857142857,0.0,15.880952380952381,361.1190476190476,91.0,96.0,298.29761904761904,179.0
117.21428571428572,0.0,16.226190476190474,361.7738095238095,91.0,96.0,298.9345238095238,179.0
117.85714285714286,0.0,16.57142857142857,362.42857142857144,91.0,96.0,299.57142857142856,179.0
118.5,0.0,16.916666666666668,363.0833333333333,91.0,96.0,300.2083333333333,179.0
119.14285714285714,0.0,17.261904761904763,363.73809523809524,91.0,96.0,300.8452380952381,179.0
119.78571428571428,0.0,17.607142857142858,364.39285714285717,91.0,96.0,301.48214285714283,179.0
120.42857142857143,0.0,17.952380952380953,365.04761904761904,91.0,96.0,302.1190476190476,179.0
121.07142857142858,0.0,18.297619047619047,365.70238095238096,91.0,96.0,302.7559523809524,179.0
121.71428571428572,0.0,18.642857142857142,366.35714285714283,91.0,96.0,303.3928571428571,179.0
122.35714285714286,0.0,18.988095238095237,367.01190476190476,91.0,96.0,304.0297619047619,179.0
123.0,0.0,19.333333333333332,367.6666666666667,91.0,96.0,304.6666666666667,179.0
123.64285714285714,0.0,19.678571428571427,368.32142857142856,91.0,96.0,305.30357142857144,179.0
124.28571428571429,0.0,20.023809523809522,368.9761904761905,91.0,96.0,305.9404761904762,179.0
124.92857142857143,0.0,20.36904761904762,369.6309523809524,91.0,96.0,306.57738095238096,179.0
125.57142857142858,0.0,20.714285714285715,370.2857142857143,91.0,96.0,307.2142857142857,179.0
126.21428571428572,0.0,21.05952380952381,370.9404761904762,91.0,96.0,307.8511904761905,179.0
126.85714285714286,0.0,21.404761904761905,371.5952380952381,91.0,96.0,308.48809523809524,179.0
127.5,0.0,21.75,372.25,91.0,96.0,309.125,179.0
128.14285714285714,0.0,22.095238095238095,372.9047619047619,91.0,96.0,309.76190476190476,179.0
128.78571428571428,0.0,22.44047619047619,373.5595238095238,91.0,96.0,310.3988095238095,179.0
129.42857142857144,0.0,22.785714285714285,374.2142857142857,91.0,96.0,311.0357142857143,179.0
130.07142857142858,0.0,23.13095238095238,374.8690476190476,91.0,96.0,311.67261904761904,179.0
130.71428571428572,0.0,23.476190476190474,375.5238095238095,91.0,96.0,312.3095238095238,179.0
131.35714285714286,0.0,23.82142857142857,376.17857142857144,91.0,96.0,312.94642857142856,179.0
132.0,0.0,24.166666666666668,376.8333333333333,91.0,96.0,313.5833333333333,179.0
132.64285714285714,0.0,24.511904761904763,377.48809523809524,91.0,96.0,314.2202380952381,179.0
133.28571428571428,0.0,24.857142857142858,378.14285714285717,91.0,96.0,314.85714285714283,179.0
133.92857142857144,0.0,25.202380952380953,378.79761904761904,91.0,96.0,315.4940476190476,179.0
134.57142857142858,0.0,25.547619047619047,379.45238095238096,91.0,96.0,316.1309523809524,179.0
135.21428571428572,0.0,25.892857142857142,380.10714285714283,91.0,96.0,316.7678571428571,179.0
135.85714285714286,0.0,26.238095238095237,380.76190476190476,91.0,96.0,317.4047619047619,179.0
136.5,0.0,26.583333333333332,381.4166666666667,91.0,96.0,318.0416666666667,179.0
137.14285714285714,0.0,26.928571428571427,382.07142857142856,91.0,96.0,318.67857142857144,179.0
137.78571428571428,0.0,27.273809523809522,382.7261904761905,91.0,96.0,319.3154761904762,179.0
138.42857142857144,0.0,27.61904761904762,383.3809523809524,91.0,96.0,319.95238095238096,179.0
139.07142857142858,0.0,27.964285714285715,384.0357142857143,91.0,96.0,320.5892857142857,179.0
139.71428571428572,0.0,28.30952380952381,384.6904761904762,91.0,96.0,321.2261904761905,179.0
140.35714285714286,0.0,28.654761904761905,385.3452380952381,91.0,96.0,321.86309523809524,179.0
141.0,0.0,29.0,386.0,91.0,96.0,322.5,179.0
141.64285714285714,0.0,29.345238095238095,386.6547619047619,91.0,96.0,323.13690476190476,179.0
142.28571428571428,0.0,29.69047619047619,387.3095238095238,91.0,96.0,323.7738095238095,179.0
142.92857142857144,0.0,30.035714285714285,387.9642857142857,91.0,96.0,324.4107142857143,179.0
143.57142857142858,0.0,30.38095238095238,388.6190476190476,91.0,96.0,325.04761904761904,179.0
144.21428571428572,0.0,30.726190476190474,389.2738095238095,91.0,96.0,325.6845238095238,179.0
144.85714285714286,0.0,31.07142857142857,389.92857142857144,91.0,96.0,326.32142857142856,179.0
145.5,0.0,31.416666666666668,390.5833333333333,91.0,96.0,326.9583333333333,179.0
146.14285714285714,0.0,31.761904761904763,391.23809523809524,91.0,96.0,327.5952380952381,179.0
146.78571428571428,0.0,32.107142857142854,391.89285714285717,91.0,96.0,328.23214285714283,179.0
147.42857142857144,0.0,32.45238095238095,392.54761904761904,91.0,96.0,328.8690476190476,179.0
148.07142857142858,0.0,32.797619047619044,393.20238095238096,91.0,96.0,329.5059523809524,179.0
148.71428571428572,0.0,33.14285714285714,393.8571428571429,91.0,96.0,330.1428571428571,179.0
149.35714285714286,0.0,33.48809523809524,394.51190476190476,91.0,96.0,330.7797619047619,179.0
150.0,0.0,33.833333333333336,395.1666666666667,91.0,96.0,331.4166666666667,179.0
150.64285714285714,0.0,34.17857142857143,395.82142857142856,91.0,96.0,332.05357142857144,179.0
151.28571428571428,0.0,34.523809523809526,396.4761904761905,91.0,96.0,332.6904761904762,179.0
151.92857142857144,0.0,34.86904761904762,397.1309523809524,91.0,96.0,333.32738095238096,179.0
152.57142857142856,0.0,35.214285714285715,397.7857142857143,91.0,96.0,333.9642857142857,179.0
153.21428571428572,0.0,35.55952380952381,398.4404761904762,91.0,96.0,334.6011904761905,179.0
153.85714285714286,0.0,35.904761904761905,399.0952380952381,91.0,96.0,335.23809523809524,179.0
154.5,0.0,36.25,399.75,91.0,96.0,335.875,179.0
155.14285714285717,0.0,36.595238095238095,400.4047619047619,91.0,96.0,336.51190476190476,179.0
155.78571428571428,0.0,36.94047619047619,401.0595238095238,91.0,96.0,337.1488095238095,179.0
156.42857142857144,0.0,37.285714285714285,401.7142857142857,91.0,96.0,337.7857142857143,179.0
157.07142857142858,0.0,37.63095238095238,402.3690476190476,91.0,96.0,338.42261904761904,179.0
157.71428571428572,0.0,37.976190476190474,403.0238095238095,91.0,96.0,339.0595238095238,179.0
158.35714285714286,0.0,38.32142857142857,403.67857142857144,91.0,96.0,339.69642857142856,179.0
159.0,0.0,38.666666666666664,404.3333333333333,91.0,96.0,340.3333333333333,179.0
159.64285714285717,0.0,39.01190476190476,404.98809523809524,91.0,96.0,340.9702380952381,179.0
160.28571428571428,0.0,39.357142857142854,405.6428571428571,91.0,96.0,341.60714285714283,179.0
160.92857142857144,0.0,39.70238095238095,406.29761904761904,91.0,96.0,342.2440476190476,179.0
161.57142857142858,0.0,40.047619047619044,406.95238095238096,91.0,96.0,342.8809523809524,179.0
162.21428571428572,0.0,40.39285714285714,407.6071428571429,91.0,96.0,343.5178571428571,179.0
162.85714285714286,0.0,40.73809523809524,408.26190476190476,91.0,96.0,344.1547619047619,179.0
163.5,0.0,41.083333333333336,408.9166666666667,91.0,96.0,344.79166666666663,179.0
164.14285714285717,0.0,41.42857142857143,409.57142857142856,91.0,96.0,345.42857142857144,179.0
164.78571428571428,0.0,41.773809523809526,410.2261904761905,91.0,96.0,346.0654761904762,179.0
165.42857142857144,0.0,42.11904761904762,410.8809523809524,91.0,96.0,346.70238095238096,179.0
166.07142857142858,0.0,42.464285714285715,411.5357142857143,91.0,96.0,347.3392857142857,179.0
166.71428571428572,0.0,42.80952380952381,412.1904761904762,91.0,96.0,347.9761904761905,179.0
167.35714285714286,0.0,43.154761904761905,412.8452380952381,91.0,96.0,348.61309523809524,179.0
168.0,0.0,43.5,413.5,91.0,96.0,349.25,179.0
168.64285714285717,0.0,43.845238095238095,414.1547619047619,91.0,96.0,349.88690476190476,179.0
169.28571428571428,0.0,44.19047619047619,414.8095238095238,91.0,96.0,350.5238095238095,179.0
169.92857142857144,0.0,44.535714285714285,415.4642857142857,91.0,96.0,351.1607142857143,179.0
170.57142857142858,0.0,44.88095238095238,416.1190476190476,91.0,96.0,351.79761904761904,179.0
171.21428571428572,0.0,45.226190476190474,416.7738095238095,91.0,96.0,352.4345238095238,179.0
171.85714285714286,0.0,45.57142857142857,417.42857142857144,91.0,96.0,353.07142857142856,179.0
172.5,0.0,45.916666666666664,418.0833333333333,91.0,96.0,353.7083333333333,179.0
173.14285714285717,0.0,46.26190476190476,418.73809523809524,91.0,96.0,354.3452380952381,179.0
173.78571428571428,0.0,46.607142857142854,419.3928571428571,91.0,96.0,354.98214285714283,179.0
174.42857142857144,0.0,46.95238095238095,420.04761904761904,91.0,96.0,355.6190476190476,179.0
175.07142857142858,0.0,47.297619047619044,420.70238095238096,91.0,96.0,356.2559523809524,179.0
175.71428571428572,0.0,47.64285714285714,421.3571428571429,91.0,96.0,356.8928571428571,179.0
176.35714285714286,0.0,47.98809523809524,422.01190476190476,91.0,96.0,357.5297619047619,179.0
177.0,0.0,48.333333333333336,422.6666666666667,91.0,96.0,358.16666666666663,179.0
177.64285714285717,0.0,48.67857142857143,423.32142857142856,91.0,96.0,358.80357142857144,179.0
178.28571428571428,0.0,49.023809523809526,423.9761904761905,91.0,96.0,359.4404761904762,179.0
178.92857142857144,0.0,49.36904761904762,424.6309523809524,91.0,96.0,360.07738095238096,179.0
179.57142857142858,0.0,49.714285714285715,425.2857142857143,91.0,96.0,360.7142857142857,179.0
180.21428571428572,0.0,50.05952380952381,425.9404761904762,91.0,96.0,361.3511904761905,179.0
180.85714285714286,0.0,50.404761904761905,426.5952380952381,91.0,96.0,361.98809523809524,179.0
181.5,0.0,50.75,427.25,91.0,96.0,362.625,179.0
182.14285714285717,0.0,51.095238095238095,427.9047619047619,91.0,96.0,363.26190476190476,179.0
182.78571428571428,0.0,51.44047619047619,428.5595238095238,91.0,96.0,363.8988095238095,179.0
183.42857142857144,0.0,51.785714285714285,429.2142857142857,91.0,96.0,364.5357142857143,179.0
184.07142857142858,0.0,52.13095238095238,429.8690476190476,91.0,96.0,365.17261904761904,179.0
184.71428571428572,0.0,52.476190476190474,430.5238095238095,91.0,96.0,365.8095238095238,179.0
185.35714285714286,0.0,52.82142857142857,431.17857142857144,91.0,96.0,366.44642857142856,179.0
186.0,0.0,53.166666666666664,431.8333333333333,91.0,96.0,367.0833333333333,179.0
186.64285714285717,0.0,53.51190476190476,432.48809523809524,91.0,96.0,367.7202380952381,179.0
187.28571428571428,0.0,53.857142857142854,433.1428571428571,91.0,96.0,368.35714285714283,179.0
187.92857142857144,0.0,54.20238095238095,433.79761904761904,91.0,96.0,368.9940476190476,179.0
188.57142857142858,0.0,54.547619047619044,434.45238095238096,91.0,96.0,369.6309523809524,179.0
189.21428571428572,0.0,54.89285714285714,435.1071428571429,91.0,96.0,370.2678571428571,179.0
189.85714285714286,0.0,55.23809523809524,435.76190476190476,91.0,96.0,370.9047619047619,179.0
190.5,0.0,55.583333333333336,436.4166666666667,91.0,96.0,371.54166666666663,179.0
191.14285714285717,0.0,55.92857142857143,437.07142857142856,91.0,96.0,372.17857142857144,179.0
191.78571428571428,0.0,56.273809523809526,437.7261904761905,91.0,96.0,372.8154761904762,179.0
192.42857142857144,0.0,56.61904761904762,438.3809523809524,91.0,96.0,373.45238095238096,179.0
193.07142857142858,0.0,56.964285714285715,439.0357142857143,91.0,96.0,374.0892857142857,179.0
193.71428571428572,0.0,57.30952380952381,439.6904761904762,91.0,96.0,374.7261904761905,179.0
194.35714285714286,0.0,57.654761904761905,440.3452380952381,91.0,96.0,375.36309523809524,179.0
195.0,0.0,58.0,441.0,91.0,96.0,376.0,179.0
195.60714285714286,1.0119047619047619,58.0,441.7916666666667,91.0,96.0,376.0,179.0
196.21428571428572,2.0238095238095237,58.0,442.5833333333333,91.0,96.0,376.0,179.0
196.82142857142858,3.0357142857142856,58.0,443.375,91.0,96.0,376.0,179.0
197.42857142857142,4.0476190476190474,58.0,444.1666666666667,91.0,96.0,376.0,179.0
198.03571428571428,5.059523809523809,58.0,444.9583333333333,91.0,96.0,376.0,179.0
198.64285714285714,6.071428571428571,58.0,445.75,91.0,96.0,376.0,179.0
199.25,7.083333333333333,58.0,446.5416666666667,91.0,96.0,376.0,179.0
199.85714285714286,8.095238095238095,58.0,447.3333333333333,91.0,96.0,376.0,179.0
200.46428571428572,9.107142857142858,58.0,448.125,91.0,96.0,376.0,179.0
201.07142857142858,10.119047619047619,58.0,448.9166666666667,91.0,96.0,376.0,179.0
201.67857142857142,11.13095238095238,58.0,449.7083333333333,91.0,96.0,376.0,179.0
202.28571428571428,12.142857142857142,58.0,450.5,91.0,96.0,376.0,179.0
202.89285714285714,13.154761904761905,58.0,451.2916666666667,91.0,96.0,376.0,179.0
203.5,14.166666666666666,58.0,452.0833333333333,91.0,96.0,376.0,179.0
204.10714285714286,15.178571428571427,58.0,452.875,91.0,96.0,376.0,179.0
204.71428571428572,16.19047619047619,58.0,453.6666666666667,91.0,96.0,376.0,179.0
205.32142857142858,17.202380952380953,58.0,454.4583333333333,91.0,96.0,376.0,179.0
205.92857142857142,18.214285714285715,58.0,455.25,91.0,96.0,376.0,179.0
206.53571428571428,19.226190476190474,58.0,456.0416666666667,91.0,96.0,376.0,179.0
207.14285714285714,20.238095238095237,58.0,456.8333333333333,91.0,96.0,376.0,179.0
207.75,21.25,58.0,457.625,91.0,96.0,376.0,179.0
208.35714285714286,22.26190476190476,58.0,458.4166666666667,91.0,96.0,376.0,179.0
208.96428571428572,23.273809523809522,58.0,459.2083333333333,91.0,96.0,376.0,179.0
209.57142857142856,24.285714285714285,58.0,460.0,91.0,96.0,376.0,179.0
210.17857142857142,25.297619047619047,58.0,460.7916666666667,91.0,96.0,376.0,179.0
210.78571428571428,26.30952380952381,58.0,461.5833333333333,91.0,96.0,376.0,179.0
211.39285714285714,27.32142857142857,58.0,462.375,91.0,96.0,376.0,179.0
212.0,28.333333333333332,58.0,463.1666666666667,91.0,96.0,376.0,179.0
212.60714285714286,29.345238095238095,58.0,463.9583333333333,91.0,96.0,376.0,179.0
213.21428571428572,30.357142857142854,58.0,464.75,91.0,96.0,376.0,179.0
213.82142857142856,31.369047619047617,58.0,465.5416666666667,91.0,96.0,376.0,179.0
214.42857142857142,32.38095238095238,58.0,466.3333333333333,91.0,96.0,376.0,179.0
215.03571428571428,33.39285714285714,58.0,467.125,91.0,96.0,376.0,179.0
215.64285714285714,34.404761904761905,58.0,467.9166666666667,91.0,96.0,376.0,179.0
216.25,35.416666666666664,58.0,468.7083333333333,91.0,96.0,376.0,179.0
216.85714285714286,36.42857142857143,58.0,469.5,91.0,96.0,376.0,179.0
217.46428571428572,37.44047619047619,58.0,470.2916666666667,91.0,96.0,376.0,179.0
218.07142857142856,38.45238095238095,58.0,471.0833333333333,91.0,96.0,376.0,179.0
218.67857142857142,39.464285714285715,58.0,471.875,91.0,96.0,376.0,179.0
219.28571428571428,40.476190476190474,58.0,472.6666666666667,91.0,96.0,376.0,179.0
219.89285714285714,41.488095238095234,58.0,473.4583333333333,91.0,96.0,376.0,179.0
220.5,42.5,58.0,474.25,91.0,96.0,376.0,179.0
221.10714285714286,43.51190476190476,58.0,475.0416666666667,91.0,96.0,376.0,179.0
221.71428571428572,44.52380952380952,58.0,475.8333333333333,91.0,96.0,376.0,179.0
222.32142857142856,45.535714285714285,58.0,476.625,91.0,96.0,376.0,179.0
222.92857142857142,46.547619047619044,58.0,477.4166666666667,91.0,96.0,376.0,179.0
223.53571428571428,47.55952380952381,58.0,478.2083333333333,91.0,96.0,376.0,179.0
224.14285714285714,48.57142857142857,58.0,479.0,91.0,96.0,376.0,179.0
224.75,49.58333333333333,58.0,479.7916666666667,91.0,96.0,376.0,179.0
225.35714285714286,50.595238095238095,58.0,480.5833333333333,91.0,96.0,376.0,179.0
225.96428571428572,51.607142857142854,58.0,481.375,91.0,96.0,376.0,179.0
226.57142857142856,52.61904761904762,58.0,482.1666666666667,91.0,96.0,376.0,179.0
227.17857142857142,53.63095238095238,58.0,482.9583333333333,91.0,96.0,376.0,179.0
227.78571428571428,54.64285714285714,58.0,483.75,91.0,96.0,376.0,179.0
228.39285714285714,55.654761904761905,58.0,484.5416666666667,91.0,96.0,376.0,179.0
229.0,56.666666666666664,58.0,485.3333333333333,91.0,96.0,376.0,179.0
229.60714285714286,57.67857142857142,58.0,486.125,91.0,96.0,376.0,179.0
230.21428571428572,58.69047619047619,58.0,486.9166666666667,91.0,96.0,376.0,179.0
230.82142857142856,59.70238095238095,58.0,487.7083333333333,91.0,96.0,376.0,179.0
231.42857142857142,60.71428571428571,58.0,488.5,91.0,96.0,376.0,179.0
232.03571428571428,61.726190476190474,58.0,489.2916666666667,91.0,96.0,376.0,179.0
232.64285714285714,62.738095238095234,58.0,490.0833333333333,91.0,96.0,376.0,179.0
233.25,63.75,58.0,490.875,91.0,96.0,376.0,179.0
233.85714285714286,64.76190476190476,58.0,491.6666666666667,91.0,96.0,376.0,179.0
234.46428571428572,65.77380952380952,58.0,492.4583333333333,91.0,96.0,376.0,179.0
235.07142857142856,66.78571428571428,58.0,493.25,91.0,96.0,376.0,179.0
235.67857142857142,67.79761904761905,58.0,494.0416666666667,91.0,96.0,376.0,179.0
236.28571428571428,68.80952380952381,58.0,494.8333333333333,91.0,96.0,376.0,179.0
236.89285714285714,69.82142857142857,58.0,495.625,91.0,96.0,376.0,179.0
237.5,70.83333333333333,58.0,496.4166666666667,91.0,96.0,376.0,179.0
238.10714285714286,71.84523809523809,58.0,497.2083333333333,91.0,96.0,376.0,179.0
238.71428571428572,72.85714285714286,58.0,498.0,91.0,96.0,376.0,179.0
239.32142857142856,73.86904761904762,58.0,498.7916666666667,91.0,96.0,376.0,179.0
239.92857142857142,74.88095238095238,58.0,499.5833333333333,91.0,96.0,376.0,179.0
240.53571428571428,75.89285714285714,58.0,500.375,91.0,96.0,376.0,179.0
241.14285714285714,76.9047619047619,58.0,501.1666666666667,91.0,96.0,376.0,179.0
241.75,77.91666666666666,58.0,501.9583333333333,91.0,96.0,376.0,179.0
242.35714285714286,78.92857142857143,58.0,502.75,91.0,96.0,376.0,179.0
242.96428571428572,79.94047619047619,58.0,503.5416666666667,91.0,96.0,376.0,179.0
243.57142857142856,80.95238095238095,58.0,504.3333333333333,91.0,96.0,376.0,179.0
244.17857142857142,81.96428571428571,58.0,505.125,91.0,96.0,376.0,179.0
244.78571428571428,82.97619047619047,58.0,505.91666666666663,91.0,96.0,376.0,179.0
245.39285714285714,83.98809523809524,58.0,506.7083333333333,91.0,96.0,376.0,179.0
246.0,85.0,58.0,507.5,91.0,96.0,376.0,179.0
246.60714285714286,86.01190476190476,58.0,508.29166666666663,91.0,96.0,376.0,179.0
247.21428571428572,87.02380952380952,58.0,509.0833333333333,91.0,96.0,376.0,179.0
247.82142857142856,88.03571428571428,58.0,509.875,91.0,96.0,376.0,179.0
248.42857142857142,89.04761904761904,58.0,510.66666666666663,91.0,96.0,376.0,179.0
249.03571428571428,90.05952380952381,58.0,511.4583333333333,91.0,96.0,376.0,179.0
249.64285714285714,91.07142857142857,58.0,512.25,91.0,96.0,376.0,179.0
250.25,92.08333333333333,58.0,513.0416666666666,91.0,96.0,376.0,179.0
250.85714285714286,93.09523809523809,58.0,513.8333333333334,91.0,96.0,376.0,179.0
251.46428571428572,94.10714285714285,58.0,514.625,91.0,96.0,376.0,179.0
252.07142857142856,95.11904761904762,58.0,515.4166666666666,91.0,96.0,376.0,179.0
252.67857142857142,96.13095238095238,58.0,516.2083333333334,91.0,96.0,376.0,179.0
253.28571428571428,97.14285714285714,58.0,517.0,91.0,96.0,376.0,179.0
253.89285714285714,98.1547619047619,58.0,517.7916666666666,91.0,96.0,376.0,179.0
254.5,99.16666666666666,58.0,518.5833333333334,91.0,96.0,376.0,179.0
255.10714285714286,100.17857142857143,58.0,519.375,91.0,96.0,376.0,179.0
255.71428571428572,101.19047619047619,58.0,520.1666666666666,91.0,96.0,376.0,179.0
256.32142857142856,102.20238095238095,58.0,520.9583333333334,91.0,96.0,376.0,179.0
256.92857142857144,103.21428571428571,58.0,521.75,91.0,96.0,376.0,179.0
257.5357142857143,104.22619047619047,58.0,522.5416666666666,91.0,96.0,376.0,179.0
258.1428571428571,105.23809523809524,58.0,523.3333333333334,91.0,96.0,376.0,179.0
258.75,106.25,58.0,524.125,91.0,96.0,376.0,179.0
259.35714285714283,107.26190476190476,58.0,524.9166666666666,91.0,96.0,376.0,179.0
259.9642857142857,108.27380952380952,58.0,525.7083333333334,91.0,96.0,376.0,179.0
260.57142857142856,109.28571428571428,58.0,526.5,91.0,96.0,376.0,179.0
261.17857142857144,110.29761904761904,58.0,527.2916666666666,91.0,96.0,376.0,179.0
261.7857142857143,111.30952380952381,58.0,528.0833333333334,91.0,96.0,376.0,179.0
262.3928571428571,112.32142857142857,58.0,528.875,91.0,96.0,376.0,179.0
263.0,113.33333333333333,58.0,529.6666666666666,91.0,96.0,376.0,179.0
263.60714285714283,114.34523809523809,58.0,530.4583333333334,91.0,96.0,376.0,179.0
264.2142857142857,115.35714285714285,58.0,531.25,91.0,96.0,376.0,179.0
264.82142857142856,116.36904761904762,58.0,532.0416666666666,91.0,96.0,376.0,179.0
265.42857142857144,117.38095238095238,58.0,532.8333333333334,91.0,96.0,376.0,179.0
266.0357142857143,118.39285714285714,58.0,533.625,91.0,96.0,376.0,179.0
266.6428571428571,119.4047619047619,58.0,534.4166666666666,91.0,96.0,376.0,179.0
267.25,120.41666666666666,58.0,535.2083333333334,91.0,96.0,376.0,179.0
267.85714285714283,121.42857142857142,58.0,536.0,91.0,96.0,376.0,179.0
268.4642857142857,122.44047619047619,58.0,536.7916666666666,91.0,96.0,376.0,179.0
269.07142857142856,123.45238095238095,58.0,537.5833333333334,91.0,96.0,376.0,179.0
269.67857142857144,124.46428571428571,58.0,538.375,91.0,96.0,376.0,179.0
270.2857142857143,125.47619047619047,58.0,539.1666666666666,91.0,96.0,376.0,179.0
270.8928571428571,126.48809523809523,58.0,539.9583333333334,91.0,96.0,376.0,179.0
271.5,127.5,58.0,540.75,91.0,96.0,376.0,179.0
272.10714285714283,128.51190476190476,58.0,541.5416666666666,91.0,96.0,376.0,179.0
272.7142857142857,129.52380952380952,58.0,542.3333333333334,91.0,96.0,376.0,179.0
273.32142857142856,130.53571428571428,58.0,543.125,91.0,96.0,376.0,179.0
273.92857142857144,131.54761904761904,58.0,543.9166666666666,91.0,96.0,376.0,179.0
274.5357142857143,132.5595238095238,58.0,544.7083333333334,91.0,96.0,376.0,179.0
275.1428571428571,133.57142857142856,58.0,545.5,91.0,96.0,376.0,179.0
275.75,134.58333333333331,58.0,546.2916666666666,91.0,96.0,376.0,179.0
276.35714285714283,135.5952380952381,58.0,547.0833333333334,91.0,96.0,376.0,179.0
276.9642857142857,136.60714285714286,58.0,547.875,91.0,96.0,376.0,179.0
277.57142857142856,137.61904761904762,58.0,548.6666666666666,91.0,96.0,376.0,179.0
278.17857142857144,138.63095238095238,58.0,549.4583333333334,91.0,96.0,376.0,179.0
278.7857142857143,139.64285714285714,58.0,550.25,91.0,96.0,376.0,179.0
279.3928571428571,140.6547619047619,58.0,551.0416666666666,91.0,96.0,376.0,179.0
280.0,141.66666666666666,58.0,551.8333333333334,91.0,96.0,376.0,179.0
280.60714285714283,142.67857142857142,58.0,552.625,91.0,96.0,376.0,179.0
281.2142857142857,143.69047619047618,58.0,553.4166666666666,91.0,96.0,376.0,179.0
281.82142857142856,144.70238095238093,58.0,554.2083333333334,91.0,96.0,376.0,179.0
282.42857142857144,145.71428571428572,58.0,555.0,91.0,96.0,376.0,179.0
283.0357142857143,146.72619047619048,58.0,555.7916666666666,91.0,96.0,376.0,179.0
283.6428571428571,147.73809523809524,58.0,556.5833333333334,91.0,96.0,376.0,179.0
284.25,148.75,58.0,557.375,91.0,96.0,376.0,179.0
284.85714285714283,149.76190476190476,58.0,558.1666666666666,91.0,96.0,376.0,179.0
285.4642857142857,150.77380952380952,58.0,558.9583333333334,91.0,96.0,376.0,179.0
286.07142857142856,151.78571428571428,58.0,559.75,91.0,96.0,376.0,179.0
286.67857142857144,152.79761904761904,58.0,560.5416666666666,91.0,96.0,376.0,179.0
287.2857142857143,153.8095238095238,58.0,561.3333333333334,91.0,96.0,376.0,179.0
287.8928571428571,154.82142857142856,58.0,562.125,91.0,96.0,376.0,179.0
288.5,155.83333333333331,58.0,562.9166666666666,91.0,96.0,376.0,179.0
289.10714285714283,156.8452380952381,58.0,563.7083333333334,91.0,96.0,376.0,179.0
289.7142857142857,157.85714285714286,58.0,564.5,91.0,96.0,376.0,179.0
290.32142857142856,158.86904761904762,58.0,565.2916666666666,91.0,96.0,376.0,179.0
290.92857142857144,159.88095238095238,58.0,566.0833333333334,91.0,96.0,376.0,179.0
291.5357142857143,160.89285714285714,58.0,566.875,91.0,96.0,376.0,179.0
292.1428571428571,161.9047619047619,58.0,567.6666666666666,91.0,96.0,376.0,179.0
292.75,162.91666666666666,58.0,568.4583333333334,91.0,96.0,376.0,179.0
293.35714285714283,163.92857142857142,58.0,569.25,91.0,96.0,376.0,179.0
293.9642857142857,164.94047619047618,58.0,570.0416666666666,91.0,96.0,376.0,179.0
294.57142857142856,165.95238095238093,58.0,570.8333333333333,91.0,96.0,376.0,179.0
295.17857142857144,166.9642857142857,58.0,571.625,91.0,96.0,376.0,179.0
295.7857142857143,167.97619047619048,58.0,572.4166666666666,91.0,96.0,376.0,179.0
296.3928571428571,168.98809523809524,58.0,573.2083333333333,91.0,96.0,376.0,179.0
297.0,170.0,58.0,574.0,91.0,96.0,376.0,179.0
297.0,170.0,58.0,574.0,91.0,96.0,376.0,179.0
297.0,170.0,58.0,574.0,91.0,96.0,376.0,179.0
297.0,170.0,58.0,574.0,91.0,96.0,376.0,179.0
297.0,170.0,58.0,574.0,91.0,96.0,376.0,179.0
297.0,170.0,58.0,574.0,91.0,96.0,376.0,179.0
297.0,170.0,58.0,574.0,91.0,96.0,376.0,179.0
297.0,170.0,58.0,574.0,91.0,96.0,376.0,179.0
297.0,170.0,58.0,574.0,91.0,96.0,376.0,179.0
297.0,170.0,58.0,574.0,91.0,96.0,376.0,179.0
297.0,170.0,58.0,574.0,91.0,96.0,376.0,179.0
297.0,170.0,58.0,574.0,91.0,96.0,376.0,179.0
297.0,170.0,58.0,574.0,91.0,96.0,376.0,179.0
297.0,170.0,58.0,574.0,91.0,96.0,376.0,179.0
297.0,170.0,58.0,574.0,91.0,96.0,376.0,179.0
297.0,170.0,58.0,574.0,91.0,96.0,376.0,179.0
297.0,170.0,58.0,574.0,91.0,96.0,376.0,179.0
297.0,170.0,58.0,574.0,91.0,96.0,376.0,179.0
297.0,170.0,58.0,574.0,91.0,96.0,376.0,179.0
297.0,170.0,58.0,574.0,91.0,96.0,376.0,179.0
297.0,170.0,58.0,574.0,91.0,96.0,376.0,179.0
297.0,170.0,58.0,574.0,91.0,96.0,376.0,179.0
297.0,170.0,58.0,574.0,91.0,96.0,376.0,179.0
297.0,170.0,58.0,574.0,91.0,96.0,376.0,179.0
297.0,170.0,58.0,574.0,91.0,96.0,376.0,179.0
297.0,170.0,58.0,574.0,91.0,96.0,376.0,179.0
297.0,170.0,58.0,574.0,91.0,96.0,376.0,179.0
297.0,170.0,58.0,574.0,91.0,96.0,376.0,179.0
297.0,170.0,58.0,574.0,91.0,96.0,376.0,179.0
297.0,170.0,58.0,574.0,91.0,96.0,376.0,179.0
297.0,170.0,58.0,574.0,91.0,96.0,376.0,179.0
297.0,170.0,58.0,574.0,91.0,96.0,376.0,179.0
297.0,170.0,58.0,574.0,91.0,96.0,376.0,179.0
297.0,170.0,58.0,574.0,91.0,96.0,376.0,179.0
297.0,170.0,58.0,574.0,91.0,96.0,376.0,179.0
297.0,170.0,58.0,574.0,91.0,96.0,376.0,179.0
297.0,170.0,58.0,574.0,91.0,96.0,376.0,179.0
297.0,170.0,58.0,574.0,91.0,96.0,376.0,179.0
297.0,170.0,58.0,574.0,91.0,96.0,376.0,179.0
297.0,170.0,58.0,574.0,91.0,96.0,376.0,179.0
297.0,170.0,58.0,574.0,91.0,96.0,376.0,179.0
297.0,170.0,58.0,574.0,91.0,96.0,376.0,179.0
297.0,170.0,58.0,574.0,91.0,96.0,376.0,179.0
297.0,170.0,58.0,574.0,91.0,96.0,376.0,179.0
297.0,170.0,58.0,574.0,91.0,96.0,376.0,179.0
297.0,170.0,58.0,574.0,91.0,96.0,376.0,179.0
297.0,170.0,58.0,574.0,91.0,96.0,376.0,179.0
297.0,170.0,58.0,574.0,91.0,96.0,376.0,179.0
297.0,170.0,58.0,574.0,91.0,96.0,376.0,179.0
297.0,170.0,58.0,574.0,91.0,96.0,376.0,179.0
297.0,170.0,58.0,574.0,91.0,96.0,376.0,179.0
297.0,170.0,58.0,574.0,91.0,96.0,376.0,179.0
297.0,170.0,58.0,574.0,91.0,96.0,376.0,179.0
297.0,170.0,58.0,574.0,91.0,96.0,376.0,179.0
297.0,170.0,58.0,574.0,91.0,96.0,376.0,179.0
297.0,170.0,58.0,574.0,91.0,96.0,376.0,179.0
297.0,170.0,58.0,574.0,91.0,96.0,376.0,179.0
297.0,170.0,58.0,574.0,91.0,96.0,376.0,179.0
297.0,170.0,58.0,574.0,91.0,96.0,376.0,179.0
297.0,170.0,58.0,574.0,91.0,96.0,376.0,179.0
297.0,170.0,58.0,574.0,91.0,96.0,376.0,179.0
297.0,170.0,58.0,574.0,91.0,96.0,376.0,179.0
297.0,170.0,58.0,574.0,91.0,96.0,376.0,179.0
297.0,170.0,58.0,574.0,91.0,96.0,376.0,179.0
297.0,170.0,58.0,574.0,91.0,96.0,376.0,179.0
297.0,170.0,58.0,574.0,91.0,96.0,376.0,179.0
297.0,170.0,58.0,574.0,91.0,96.0,376.0,179.0
297.0,170.0,58.0,574.0,91.0,96.0,376.0,179.0
297.0,170.0,58.0,574.0,91.0,96.0,376.0,179.0
297.0,170.0,58.0,574.0,91.0,96.0,376.0,179.0
297.0,170.0,58.0,574.0,91.0,96.0,376.0,179.0
297.0,170.0,58.0,574.0,91.0,96.0,376.0,179.0
297.0,170.0,58.0,574.0,91.0,96.0,376.0,179.0
297.0,170.0,58.0,574.0,91.0,96.0,376.0,179.0
297.0,170.0,58.0,574.0,91.0,96.0,376.0,179.0
297.0,170.0,58.0,574.0,91.0,96.0,376.0,179.0
297.0,170.0,58.0,574.0,91.0,96.0,376.0,179.0
297.0,170.0,58.0,574.0,91.0,96.0,376.0,179.0
297.0,170.0,58.0,574.0,91.0,96.0,376.0,179.0
297.0,170.0,58.0,574.0,91.0,96.0,376.0,179.0
297.0,170.0,58.0,574.0,91.0,96.0,376.0,179.0
297.0,170.0,58.0,574.0,91.0,96.0,376.0,179.0
297.0,170.0,58.0,574.0,91.0,96.0,376.0,179.0
297.0,170.0,58.0,574.0,91.0,96.0,376.0,179.0
297.0,170.0,58.0,574.0,91.0,96.0,376.0,179.0
297.0,170.0,58.0,574.0,91.0,96.0,376.0,179.0
297.0,170.0,58.0,574.0,91.0,96.0,376.0,179.0
297.0,170.0,58.0,574.0,91.0,96.0,376.0,179.0
297.0,170.0,58.0,574.0,91.0,96.0,376.0,179.0
297.0,170.0,58.0,574.0,91.0,96.0,376.0,179.0
297.0,170.0,58.0,574.0,91.0,96.0,376.0,179.0
297.0,170.0,58.0,574.0,91.0,96.0,376.0,179.0
297.0,170.0,58.0,574.0,91.0,96.0,376.0,179.0
297.0,170.0,58.0,574.0,91.0,96.0,376.0,179.0
297.0,170.0,58.0,574.0,91.0,96.0,376.0,179.0
297.0,170.0,58.0,574.0,91.0,96.0,376.0,179.0
297.0,170.0,58.0,574.0,91.0,96.0,376.0,179.0
297.0,170.0,58.0,574.0,91.0,96.0,376.0,179.0
297.0,170.0,58.0,574.0,91.0,96.0,376.0,179.0
297.0,170.0,58.0,574.0,91.0,96.0,376.0,179.0
297.0,170.0,58.0,574.0,91.0,96.0,376.0,179.0
297.0,170.0,58.0,574.0,91.0,96.0,376.0,179.0
297.0,170.0,58.0,574.0,91.0,96.0,376.0,179.0
297.0,170.0,58.0,574.0,91.0,96.0,376.0,179.0
297.0,170.0,58.0,574.0,91.0,96.0,376.0,179.0
297.0,170.0,58.0,574.0,91.0,96.0,376.0,179.0
297.0,170.0,58.0,574.0,91.0,96.0,376.0,179.0
297.0,170.0,58.0,574.0,91.0,96.0,376.0,179.0
297.0,170.0,58.0,574.0,91.0,96.0,376.0,179.0
297.0,170.0,58.0,574.0,91.0,96.0,376.0,179.0
297.0,170.0,58.0,574.0,91.0,96.0,376.0,179.0
297.0,170.0,58.0,574.0,91.0,96.0,376.0,179.0
297.0,170.0,58.0,574.0,91.0,96.0,376.0,179.0
297.0,170.0,58.0,574.0,91.0,96.0,376.0,179.0
297.0,170.0,58.0,574.0,91.0,96.0,376.0,179.0
297.0,170.0,58.0,574.0,91.0,96.0,376.0,179.0
297.0,170.0,58.0,574.0,91.0,96.0,376.0,179.0
297.0,170.0,58.0,574.0,91.0,96.0,376.0,179.0
297.0,170.0,58.0,574.0,91.0,96.0,376.0,179.0
297.0,170.0,58.0,574.0,91.0,96.0,376.0,179.0
297.0,170.0,58.0,574.0,91.0,96.0,376.0,179.0
297.0,170.0,58.0,574.0,91.0,96.0,376.0,179.0
297.0,170.0,58.0,574.0,91.0,96.0,376.0,179.0
297.0,170.0,58.0,574.0,91.0,96.0,376.0,179.0
297.0,170.0,58.0,574.0,91.0,96.0,376.0,179.0
297.0,170.0,58.0,574.0,91.0,96.0,376.0,179.0
297.0,170.0,58.0,574.0,91.0,96.0,376.0,179.0
297.0,170.0,58.0,574.0,91.0,96.0,376.0,179.0
297.0,170.0,58.0,574.0,91.0,96.0,376.0,179.0
297.0,170.0,58.0,574.0,91.0,96.0,376.0,179.0
297.0,170.0,58.0,574.0,91.0,96.0,376.0,179.0
297.0,170.0,58.0,574.0,91.0,96.0,376.0,179.0
297.0,170.0,58.0,574.0,91.0,96.0,376.0,179.0
297.0,170.0,58.0,574.0,91.0,96.0,376.0,179.0
297.0,170.0,58.0,574.0,91.0,96.0,376.0,179.0
297.0,170.0,58.0,574.0,91.0,96.0,376.0,179.0
297.0,170.0,58.0,574.0,91.0,96.0,376.0,179.0
297.0,170.0,58.0,574.0,91.0,96.0,376.0,179.0
297.0,170.0,58.0,574.0,91.0,96.0,376.0,179.0
297.0,170.0,58.0,574.0,91.0,96.0,376.0,179.0
297.0,170.0,58.0,574.0,91.0,96.0,376.0,179.0
297.0,170.0,58.0,574.0,91.0,96.0,376.0,179.0
297.0,170.0,58.0,574.0,91.0,96.0,376.0,179.0
297.0,170.0,58.0,574.0,91.0,96.0,376.0,179.0
297.0,170.0,58.0,574.0,91.0,96.0,376.0,179.0
297.0,170.0,58.0,574.0,91.0,96.0,376.0,179.0
297.0,170.0,58.0,574.0,91.0,96.0,376.0,179.0
297.0,170.0,58.0,574.0,91.0,96.0,376.0,179.0
297.0,170.0,58.0,574.0,91.0,96.0,376.0,179.0
297.0,170.0,58.0,574.0,91.0,96.0,376.0,179.0
297.0,170.0,58.0,574.0,91.0,96.0,376.0,179.0
297.0,170.0,58.0,574.0,91.0,96.0,376.0,179.0
297.0,170.0,58.0,574.0,91.0,96.0,376.0,179.0
297.0,170.0,58.0,574.0,91.0,96.0,376.0,179.0
297.0,170.0,58.0,574.0,91.0,96.0,376.0,179.0
297.0,170.0,58.0,574.0,91.0,96.0,376.0,179.0
297.0,170.0,58.0,574.0,91.0,96.0,376.0,179.0
297.0,170.0,58.0,574.0,91.0,96.0,376.0,179.0
297.0,170.0,58.0,574.0,91.0,96.0,376.0,179.0
297.0,170.0,58.0,574.0,91.0,96.0,376.0,179.0
297.0,170.0,58.0,574.0,91.0,96.0,376.0,179.0
297.0,170.0,58.0,574.0,91.0,96.0,376.0,179.0
297.0,170.0,58.0,574.0,91.0,96.0,376.0,179.0
297.0,170.0,58.0,574.0,91.0,96.0,376.0,179.0
297.0,170.0,58.0,574.0,91.0,96.0,376.0,179.0
297.0,170.0,58.0,574.0,91.0,96.0,376.0,179.0
297.0,170.0,58.0,574.0,91.0,96.0,376.0,179.0
297.0,170.0,58.0,574.0,91.0,96.0,376.0,179.0
297.0,170.0,58.0,574.0,91.0,96.0,376.0,179.0
